geneId,diseaseId,pmid,score
673,C0025202,21826607,0.391291371
673,C0025202,25646931,0.391291371
673,C0025202,24201813,0.391291371
673,C0025202,25915038,0.391291371
673,C0025202,24362263,0.391291371
673,C0025202,21356389,0.391291371