snp_id,disease_id,pmid,score
rs121913513,C0025202,16647948,0.015641619
rs121913513,C0025202,19671763,0.015641619
rs121913513,C0025202,19718013,0.015641619
rs121913513,C0025202,17372901,0.015641619
rs121913513,C0025202,16741525,0.015641619
rs113488022,C0025202,25407517,0.65
rs113488022,C0025202,24884503,0.65
rs113488022,C0025202,23909652,0.65
rs113488022,C0025202,25256614,0.65
rs113488022,C0025202,22554099,0.65